model,explainer,Referenced,Downstream,Prior disease,Access / social,Unreferenced,downstream_boot_lo,downstream_boot_hi,tau_PAR,tau_lnOR,top5
lr,linear_shap,0.68885076,0.19607258,0.0320105,0.07329577,0.009770235,0.18935404270887374,0.20557183511555194,0.32732683535398854,0.32732683535398854,Age > GenHlth > Sex > HighChol > HighBP
rf,tree_shap,0.63786507,0.24847789,0.070841424,0.041438848,0.0013767193,0.2373797155916691,0.2562040723860264,0.4000661320993193,0.4000661320993193,Age > GenHlth > HighChol > Sex > HighBP
xgb,tree_shap,0.65257424,0.2012817,0.037798192,0.10130668,0.0070393533,0.18709941245615483,0.20926038846373557,0.4000661320993193,0.4000661320993193,Age > GenHlth > Sex > HighChol > HighBP
mlp,ig,0.670513,0.1893832,0.04780031,0.08572095,0.0065825894,0.18610641807317735,0.21160497404634954,0.4000661320993193,0.4000661320993193,Age > Sex > GenHlth > HighChol > HighBP
mlp,eg,0.68583506,0.1877734,0.034633346,0.08479564,0.006962616,0.18579940684139729,0.20885143466293812,0.4000661320993193,0.4000661320993193,Age > Sex > GenHlth > HighChol > HighBP
lr,kernel_shap,0.68885076,0.19607255,0.032010674,0.0732958,0.009770178,,,0.32732683535398854,0.32732683535398854,Age > GenHlth > Sex > HighChol > HighBP
rf,kernel_shap,0.662139,0.23346336,0.03919905,0.06373988,0.0014588109,,,0.32732683535398854,0.32732683535398854,Age > GenHlth > HighBP > HighChol > Sex
xgb,kernel_shap,0.6525732,0.20127471,0.037804954,0.10131063,0.007036455,,,0.4000661320993193,0.4000661320993193,Age > GenHlth > Sex > HighChol > HighBP
mlp,kernel_shap,0.685449,0.18765794,0.03600876,0.08390408,0.006980244,,,0.4000661320993193,0.4000661320993193,Age > Sex > GenHlth > HighChol > HighBP
