source,model,explainer,levels,icc,icc_lo,icc_hi,within_share_of_total,within_sd
training-data bootstrap,lr,linear_shap,50,0.99307513,0.9919000893831253,0.9940322771668434,0.0069248374,0.015619474
measurement noise,lr,linear_shap,20,0.91283125,0.897539097070694,0.925686527788639,0.08716875,0.055671565
background draw,lr,linear_shap,10,0.9468828,0.9360461637377739,0.9553981110453605,0.05311716,0.043509357
training-data bootstrap,rf,tree_shap,50,0.9627917,0.9551557898521423,0.9677516266703605,0.037208322,0.02822112
seed,rf,tree_shap,10,0.9957666,0.9948677659034729,0.9963683873414994,0.004233421,0.009377371
measurement noise,rf,tree_shap,20,0.8156486,0.7697686538100242,0.8480331391096115,0.18435138,0.06291445
background draw,rf,tree_shap,10,0.9038399,0.8772917374968529,0.91993248462677,0.09616015,0.0458294
training-data bootstrap,xgb,tree_shap,50,0.95960397,0.9523059904575348,0.9644715949892998,0.040396105,0.039000582
seed,xgb,tree_shap,10,0.99534094,0.9944993495941162,0.995914013683796,0.0046590785,0.013113366
measurement noise,xgb,tree_shap,20,0.92964375,0.9151485219597817,0.9412269845604897,0.070356265,0.05118547
background draw,xgb,tree_shap,10,0.95266867,0.943171888589859,0.9601474702358246,0.047331378,0.041230287
training-data bootstrap,mlp,ig,50,0.97794867,0.9742930784821511,0.9808331549167633,0.022051284,0.026525741
seed,mlp,ig,10,0.9867706,0.9841474428772926,0.9889034643769264,0.013229417,0.020479085
measurement noise,mlp,ig,20,0.9169878,0.9023784771561623,0.9300020560622215,0.08301226,0.05092915
background draw,mlp,ig,10,0.9437853,0.9318138465285302,0.9534870207309722,0.05621464,0.04208593
training-data bootstrap,mlp,eg,50,0.9791604,0.975757759809494,0.9817988023161888,0.020839535,0.02652592
seed,mlp,eg,10,0.98727876,0.9848316967487335,0.98922278881073,0.012721285,0.02063477
measurement noise,mlp,eg,20,0.9151563,0.9012852936983109,0.9279321879148483,0.08484366,0.052934263
background draw,mlp,eg,10,0.95036966,0.9400366231799125,0.9586792066693306,0.049630374,0.040475696
explainer (native vs KernelSHAP),lr,linear_shap+kernel,2,1.0,1.0,1.0,1.1974082e-14,2.0558215e-08
explainer (native vs KernelSHAP),rf,tree_shap+kernel,2,0.72801024,0.6610216170549392,0.7773709893226624,0.27198973,0.08489436
explainer (native vs KernelSHAP),xgb,tree_shap+kernel,2,0.9999921,0.9999901935458183,0.9999936819076538,7.938448e-06,0.000540408
explainer (native vs KernelSHAP),mlp,ig+eg+kernel,3,0.99245185,0.9904462456703186,0.9938972145318985,0.007548213,0.015628988
model class (KernelSHAP),all four,kernel_shap,4,0.84803134,0.8178443148732185,0.869058059155941,0.15196864,0.07329388
