model,explainer,n,subsamples,mean,sd,lo,hi,auc,events_per_predictor
lr,linear_shap,3392,10,0.6726485133171082,0.0596669285346996,0.5773172378540039,0.7520782351493835,0.8361542820930481,15.0
lr,linear_shap,7580,10,0.7635697841644287,0.053876409266494237,0.6591563820838928,0.8283311128616333,0.8420948266983033,34.0
lr,linear_shap,30000,5,0.8838268876075744,0.01957741314336511,0.8634287714958191,0.9120217561721802,0.8454050540924072,135.0
lr,linear_shap,202944,1,0.9574437141418457,,0.9574437141418457,0.9574437141418457,0.8467385172843933,910.0
mlp,eg,3392,10,0.6321820676326751,0.03554639069965091,0.5885010957717896,0.6910263895988464,0.8271480679512024,15.0
mlp,eg,7580,10,0.6920603394508362,0.04952886234739313,0.6211022734642029,0.7673379778862,0.8371320724487304,34.0
mlp,eg,30000,5,0.8242455244064331,0.010071610550023915,0.8169413805007935,0.8405920267105103,0.8458610057830811,135.0
mlp,eg,202944,1,0.8881919980049133,,0.8881919980049133,0.8881919980049133,0.8483970761299133,910.0
mlp,ig,3392,10,0.5829069972038269,0.03727537164228489,0.5295597314834595,0.6352574825286865,0.8271480679512024,15.0
mlp,ig,7580,10,0.6478594064712524,0.06383189284402088,0.5472826957702637,0.7608345150947571,0.8371320724487304,34.0
mlp,ig,30000,5,0.8101050734519959,0.016233903239455654,0.7909631729125977,0.8269091844558716,0.8458610057830811,135.0
mlp,ig,202944,1,0.883729875087738,,0.883729875087738,0.883729875087738,0.8483970761299133,910.0
rf,tree_shap,3392,10,0.6201165080070495,0.03381893626510277,0.5700345039367676,0.686581552028656,0.8273763656616211,15.0
rf,tree_shap,7580,10,0.6921141147613525,0.029309247653346568,0.6446263194084167,0.7454447746276855,0.8343513548374176,34.0
rf,tree_shap,30000,5,0.7478342652320862,0.017481086699118218,0.7272643446922302,0.7742449045181274,0.8411601781845093,135.0
rf,tree_shap,202944,1,0.8587056994438171,,0.8587056994438171,0.8587056994438171,0.8474843502044678,910.0
xgb,tree_shap,3392,10,0.5866688132286072,0.03848462661653116,0.5255252122879028,0.6439735293388367,0.832260400056839,15.0
xgb,tree_shap,7580,10,0.6473113894462585,0.037577546498618546,0.6004471182823181,0.7170080542564392,0.8388666152954102,34.0
xgb,tree_shap,30000,5,0.7363887310028077,0.015081106600359434,0.7190287113189697,0.7538115382194519,0.8458521723747253,135.0
xgb,tree_shap,202944,1,0.8521632552146912,,0.8521632552146912,0.8521632552146912,0.8501573204994202,910.0
