source,model,explainer,n_variants,metric,per_patient,ci_lo,ci_hi,chance,per_patient_corrected,pct_patients_below_half,global_ranking,half_B,risk_sd_mean
seed,rf,tree_shap,10,jaccard3,0.8934622406959534,0.8831060364842415,0.9042403444647789,0.12879120879120878,0.8777127265930176,0.0,1.0,,0.005487741902470589
seed,rf,tree_shap,10,jaccard5,0.8862285614013672,0.8779342845082283,0.8947976216673851,0.21440464297607154,0.8551780581474304,0.0,1.0,,0.005487741902470589
seed,rf,tree_shap,10,spearman,0.9523879365079365,0.9507441984126984,0.9541710436507936,0.0,0.9523879365079365,0.0,0.9973809523809526,,0.005487741902470589
seed,rf,tree_shap,10,rbo,0.9338980766919048,0.9314920696367907,0.9364071163688906,0.4073934858523846,0.8884556248876647,0.0,0.9956835416999646,,0.005487741902470589
seed,xgb,tree_shap,10,jaccard3,0.865275502204895,0.8541317522525788,0.8765613600611687,0.12879120879120878,0.8453590869903564,0.0,0.6777777671813965,,0.00740159722045064
seed,xgb,tree_shap,10,jaccard5,0.8816761374473572,0.8731680169701577,0.8902205809950828,0.21440464297607154,0.8493831753730774,0.0,1.0,,0.00740159722045064
seed,xgb,tree_shap,10,spearman,0.9353757947211732,0.9336907652965387,0.9370988943980745,0.0,0.9353757947211732,0.0,0.9710386633765222,,0.00740159722045064
seed,xgb,tree_shap,10,rbo,0.9222348291352773,0.919945499935383,0.9245917369420804,0.4073934858523846,0.8687743570004839,0.0,0.9218649259675747,,0.00740159722045064
seed,mlp,ig,10,jaccard3,0.8905910849571228,0.8789195731282234,0.9017343908548355,0.12879120879120878,0.8744171261787415,0.002,0.7666666507720947,,0.007054539863020182
seed,mlp,ig,10,jaccard5,0.8892486691474915,0.8807837381958962,0.8978060096502304,0.21440464297607154,0.8590224385261536,0.0,1.0,,0.007054539863020182
seed,mlp,ig,10,spearman,0.9371461904761904,0.9346160119047618,0.9396016785714284,0.0,0.9371461904761904,0.0,0.9768253968253969,,0.007054539863020182
seed,mlp,ig,10,rbo,0.9286894652263886,0.9257746315465726,0.9313881228968904,0.4073934858523846,0.8796662995239227,0.0,0.9673636858856688,,0.007054539863020182
seed,mlp,eg,10,jaccard3,0.9200621843338013,0.9094641268253326,0.930320854485035,0.12879120879120878,0.9082449674606323,0.002,0.7666666507720947,,0.007054539863020182
seed,mlp,eg,10,jaccard5,0.9022031426429749,0.8941459193825722,0.9106145158410073,0.21440464297607154,0.875512421131134,0.0,1.0,,0.007054539863020182
seed,mlp,eg,10,spearman,0.9372630158730157,0.9348957579365078,0.9396525396825397,0.0,0.9372630158730157,0.0,0.9786507936507938,,0.007054539863020182
seed,mlp,eg,10,rbo,0.9365058224912259,0.934031696278615,0.9388854404133694,0.4073934858523846,0.8928560925454863,0.0,0.9567811029242719,,0.007054539863020182
boot,lr,linear_shap,100,jaccard3,0.7152910232543945,0.7045553654432297,0.726457366347313,0.12879120879120878,0.6732023358345032,0.03,0.6578384041786194,0.7146639227867126,0.021908629685640335
boot,lr,linear_shap,100,jaccard5,0.6955848336219788,0.6895571023225784,0.7015586242079734,0.21440464297607154,0.6125038862228394,0.002,0.7589225172996521,0.7105255126953125,0.021908629685640335
boot,lr,linear_shap,100,spearman,0.8376336926406923,0.8342392277417024,0.8408915987734485,0.0,0.8376336926406923,0.0,0.775881673881674,0.8470928688046647,0.021908629685640335
boot,lr,linear_shap,100,rbo,0.8324006881987261,0.8286520473010827,0.8362273878753971,0.4073934858523846,0.7171828054533912,0.0,0.8420520779347989,0.8366075100703151,0.021908629685640335
boot,rf,tree_shap,100,jaccard3,0.5765701532363892,0.5664268806576729,0.5866824671626091,0.12879120879120878,0.5139743089675903,0.3,0.7305858731269836,0.5793343186378479,0.023184847086668015
boot,rf,tree_shap,100,jaccard5,0.6014743447303772,0.5957850396633149,0.6069989055395126,0.21440464297607154,0.4927087426185608,0.046,0.6846873760223389,0.6053715944290161,0.023184847086668015
boot,rf,tree_shap,100,spearman,0.7829589437229436,0.7790715157647906,0.7869146335497834,0.0,0.7829589437229436,0.0,0.8945714285714286,0.7831761049562681,0.023184847086668015
boot,rf,tree_shap,100,rbo,0.7794625393545398,0.7746141326612695,0.7844343174553451,0.4073934858523846,0.6278517778990776,0.0,0.8771486041580981,0.7805579979489508,0.023184847086668015
boot,xgb,tree_shap,100,jaccard3,0.5711545944213867,0.5635306000709533,0.5788615867495537,0.12879120879120878,0.5077582001686096,0.206,0.6392726898193359,0.5636898279190063,0.028998123481869698
boot,xgb,tree_shap,100,jaccard5,0.6028721928596497,0.5982402503490448,0.6078204467892647,0.21440464297607154,0.49448809027671814,0.016,0.6872510313987732,0.6052781939506531,0.028998123481869698
boot,xgb,tree_shap,100,spearman,0.7992138481264035,0.7964724069462841,0.802066788325834,0.0,0.7992138481264035,0.0,0.8677750419724334,0.8106330521395502,0.028998123481869698
boot,xgb,tree_shap,100,rbo,0.7846853338668761,0.7809391388705281,0.7884679835978826,0.4073934858523846,0.6366650365920716,0.0,0.84551515923234,0.7872415979750108,0.028998123481869698
boot,mlp,ig,100,jaccard3,0.5854176878929138,0.5761429235339165,0.594087615609169,0.12879120879120878,0.5241298079490662,0.2,0.6621009707450867,0.5795989036560059,0.03186020255088806
boot,mlp,ig,100,jaccard5,0.6190661787986755,0.6133796021342277,0.6249483302235603,0.21440464297607154,0.5151017308235168,0.036,0.7198628783226013,0.6239562034606934,0.03186020255088806
boot,mlp,ig,100,spearman,0.8016878614718614,0.7975466683621932,0.8057061660894661,0.0,0.8016878614718614,0.0,0.8823968253968254,0.8049595918367347,0.03186020255088806
boot,mlp,ig,100,rbo,0.7912607774300027,0.7868359306719898,0.7957568558162705,0.4073934858523846,0.6477608369353811,0.0,0.8582985284388578,0.7906372867095419,0.03186020255088806
boot,mlp,eg,100,jaccard3,0.6261263489723206,0.6155079945921897,0.6366273313760757,0.12879120879120878,0.5708564519882202,0.156,0.6912323236465454,0.6226096749305725,0.03186020255088806
boot,mlp,eg,100,jaccard5,0.6238815784454346,0.6178592339158058,0.6298707455396653,0.21440464297607154,0.5212313532829285,0.046,0.7207960486412048,0.6271514892578125,0.03186020255088806
boot,mlp,eg,100,spearman,0.78412930450008,0.7805585672706429,0.7877443891588904,0.0,0.78412930450008,0.0,0.8541767676767675,0.7889950308084007,0.03186020255088806
boot,mlp,eg,100,rbo,0.7958599127793946,0.7912762154691302,0.800191874749309,0.4073934858523846,0.6555216955145466,0.0,0.8525574287190539,0.7962501517051512,0.03186020255088806
