model,explainer,unreferenced_share,cos_Ref-A,null_mean_Ref-A,pct_null_below_Ref-A,boot_lo_Ref-A,boot_hi_Ref-A,cos_Ref-B,null_mean_Ref-B,pct_null_below_Ref-B,boot_lo_Ref-B,boot_hi_Ref-B,tau_Ref-C_PAR,ranking,per_patient_cos_Ref-A,pp_lo,pp_hi
lr,linear_shap,0.02884998585940938,0.9696613136805007,0.7510425599530901,0.9802,0.9206285023949855,0.9842588961806438,0.9817913854088639,0.7957089824490844,0.9932,0.9295649373622874,0.994586169084251,0.0,Age > Blood pressure > Sex > Smoking > Lipids > Glycaemia > Adiposity,0.937311053276062,0.9324452534317971,0.9416616156697273
rf,tree_shap,0.04459416917564601,0.8798406816803386,0.7016767367895501,0.9162,0.8037207785762696,0.9190432928556361,0.9313734919394059,0.7389137001878524,0.9254,0.8741306343808942,0.965769458607008,-0.3333333333333334,Blood pressure > Age > Sex > Smoking > Glycaemia > Lipids > Adiposity,0.8238849639892578,0.8131906256079674,0.8339344635605812
xgb,tree_shap,0.017184881600157742,0.9221694701128257,0.6843692861239129,0.9872,0.8509191149001927,0.9507389513242444,0.9451368897721136,0.7116512237774719,0.9932,0.8985821422448091,0.9829823662008216,0.0,Age > Blood pressure > Sex > Smoking > Lipids > Adiposity > Glycaemia,0.8762200474739075,0.8670099005103111,0.8845205083489418
mlp,ig,0.05773223641311807,0.9674994129158533,0.7258585247888771,0.9842,0.9340960722549267,0.992998367836277,0.9764832427340346,0.7580659057071334,0.9932,0.95322461323464,0.9942859830665989,0.0,Age > Blood pressure > Smoking > Sex > Lipids > Adiposity > Glycaemia,0.9148721098899841,0.9086771920323372,0.920662733912468
mlp,eg,0.05126549991696676,0.9645685639967272,0.7216586253835603,0.983,0.9178883629929786,0.985205908049085,0.9726598627965355,0.7547432882763832,0.9932,0.9344777714502022,0.9907988675522911,0.0,Age > Blood pressure > Smoking > Sex > Lipids > Glycaemia > Adiposity,0.9370179176330566,0.9328832268714905,0.9409218594431877
lr,kernel_shap,0.028849985841449113,0.9696613128635863,0.751042560321607,0.9802,,,0.9817913846469657,0.7957089822417904,0.9932,,,0.0,Age > Blood pressure > Sex > Smoking > Lipids > Glycaemia > Adiposity,0.937311053276062,0.9324452534317971,0.9416616156697273
rf,kernel_shap,0.04922121124872488,0.8830094559960715,0.6958878644707543,0.9436,,,0.9375779180814918,0.7347749895655681,0.9776,,,0.0,Blood pressure > Age > Sex > Smoking > Lipids > Glycaemia > Adiposity,0.8321698307991028,0.8227614149451256,0.8411875650286674
xgb,kernel_shap,0.017194467013494388,0.9221700141250738,0.6843611776339936,0.9872,,,0.9451472518348488,0.7116664919140032,0.9932,,,0.0,Age > Blood pressure > Sex > Smoking > Lipids > Adiposity > Glycaemia,0.8762210607528687,0.8670130923390389,0.8845111712813377
mlp,kernel_shap,0.04593625884300725,0.9645411819258111,0.720067335684837,0.983,,,0.9729475348745764,0.7547192700760972,0.9932,,,0.0,Age > Blood pressure > Smoking > Sex > Lipids > Glycaemia > Adiposity,0.9396034479141235,0.9357379272580146,0.9432195633649826
